Workbook

Sheet 確認
A1: S1関数単体ゲート：通常のF9のみ。CSE入力不要かを実機確認する
A2: 固定期待値と実数式を比較。生成時の数式キャッシュは空。0=重複なし、1=重複あり
A4: 数値グループID（MATCHを使わない対照） | B4: 1 | C4: 2 | D4: 1 | E4: 0 | F4: 250 | G4: 250
A7: ケース | B7: 金額1 | C7: 金額2 | D7: 金額3 | E7: 金額4 | F7: 金額5 | G7: 金額6 | H7: 固定期待 | I7: S1実測 | J7: 判定 | K7: 正額件数期待 | L7: 正額件数実測 | M7: 件数判定
A8: 別グループ | B8: 100 | C8: 200 | D8: 0 | E8: 0 | F8: 0 | G8: 0 | H8: 0 | I8: =IF(SUMPRODUCT(--(FREQUENCY($B$4:$G$4*--(B8:G8>0),'ビン'!$A$2:$A$252)>1),'ビン'!$B$2:$B$253)>0,1,0) | J8: =IF(I8=H8,"一致","不一致") | K8: 2 | L8: =SUMPRODUCT(FREQUENCY($B$4:$G$4*--(B8:G8>0),'ビン'!$A$2:$A$252),'ビン'!$B$2:$B$253) | M8: =IF(L8=K8,"一致","不一致")
A9: 非連続同グループ | B9: 100 | C9: 0 | D9: 200 | E9: 0 | F9: 0 | G9: 0 | H9: 1 | I9: =IF(SUMPRODUCT(--(FREQUENCY($B$4:$G$4*--(B9:G9>0),'ビン'!$A$2:$A$252)>1),'ビン'!$B$2:$B$253)>0,1,0) | J9: =IF(I9=H9,"一致","不一致") | K9: 2 | L9: =SUMPRODUCT(FREQUENCY($B$4:$G$4*--(B9:G9>0),'ビン'!$A$2:$A$252),'ビン'!$B$2:$B$253) | M9: =IF(L9=K9,"一致","不一致")
A10: 全0円・0ビン除外 | B10: 0 | C10: 0 | D10: 0 | E10: 0 | F10: 0 | G10: 0 | H10: 0 | I10: =IF(SUMPRODUCT(--(FREQUENCY($B$4:$G$4*--(B10:G10>0),'ビン'!$A$2:$A$252)>1),'ビン'!$B$2:$B$253)>0,1,0) | J10: =IF(I10=H10,"一致","不一致") | K10: 0 | L10: =SUMPRODUCT(FREQUENCY($B$4:$G$4*--(B10:G10>0),'ビン'!$A$2:$A$252),'ビン'!$B$2:$B$253) | M10: =IF(L10=K10,"一致","不一致")
A11: 最終ビン250の重複 | B11: 0 | C11: 0 | D11: 0 | E11: 0 | F11: 100 | G11: 200 | H11: 1 | I11: =IF(SUMPRODUCT(--(FREQUENCY($B$4:$G$4*--(B11:G11>0),'ビン'!$A$2:$A$252)>1),'ビン'!$B$2:$B$253)>0,1,0) | J11: =IF(I11=H11,"一致","不一致") | K11: 2 | L11: =SUMPRODUCT(FREQUENCY($B$4:$G$4*--(B11:G11>0),'ビン'!$A$2:$A$252),'ビン'!$B$2:$B$253) | M11: =IF(L11=K11,"一致","不一致")
A12: 最終ビン250に1件 | B12: 0 | C12: 0 | D12: 0 | E12: 0 | F12: 0 | G12: 100 | H12: 0 | I12: =IF(SUMPRODUCT(--(FREQUENCY($B$4:$G$4*--(B12:G12>0),'ビン'!$A$2:$A$252)>1),'ビン'!$B$2:$B$253)>0,1,0) | J12: =IF(I12=H12,"一致","不一致") | K12: 1 | L12: =SUMPRODUCT(FREQUENCY($B$4:$G$4*--(B12:G12>0),'ビン'!$A$2:$A$252),'ビン'!$B$2:$B$253) | M12: =IF(L12=K12,"一致","不一致")
A13: 2グループが同時重複 | B13: 100 | C13: 0 | D13: 200 | E13: 0 | F13: 300 | G13: 400 | H13: 1 | I13: =IF(SUMPRODUCT(--(FREQUENCY($B$4:$G$4*--(B13:G13>0),'ビン'!$A$2:$A$252)>1),'ビン'!$B$2:$B$253)>0,1,0) | J13: =IF(I13=H13,"一致","不一致") | K13: 4 | L13: =SUMPRODUCT(FREQUENCY($B$4:$G$4*--(B13:G13>0),'ビン'!$A$2:$A$252),'ビン'!$B$2:$B$253) | M13: =IF(L13=K13,"一致","不一致")

Sheet ビン
A1: ビン上限 | B1: 0ビンを除くマスク
A2: 0 | B2: 0
A3: 1 | B3: 1
A4: 2 | B4: 1
A5: 3 | B5: 1
A6: 4 | B6: 1
A7: 5 | B7: 1
A8: 6 | B8: 1
A9: 7 | B9: 1
A10: 8 | B10: 1
A11: 9 | B11: 1
A12: 10 | B12: 1
A13: 11 | B13: 1
... A252: 250 | B252: 1
B253: 1

Sheet _meta
A1: version | B1: s1-compatibility-v1
A2: source_sha256 | B2: 7f333ca92f29b7254f83ffbe3571b77256d24f255827956aa9787d9709cd12da
A3: kind | B3: gate
